{
  "auc_best_found": {
    "(1+10)": -0.6492298672393575,
    "(1,10)": -1.4355217291646585,
    "(3+30)": -2.5658008856355417,
    "(3,30)": -0.3855966458590361,
    "(5+50)": -2.332779703872891,
    "(5,50)": -0.4028982554309236
  },
  "auc_mean": {
    "(1+10)": -0.40496048311422683,
    "(1,10)": -0.5319943503257829,
    "(3+30)": -1.8548837112002203,
    "(3,30)": -0.2877213076723193,
    "(5+50)": -1.8507083384724399,
    "(5,50)": -0.3277178511969277
  },
  "auc_std": {
    "(1+10)": 0.09200783300630115,
    "(1,10)": 0.2814673802689113,
    "(3+30)": 0.3571822882347852,
    "(3,30)": 0.05141139238907688,
    "(5+50)": 0.273362414836974,
    "(5,50)": 0.042052983874625874
  },
  "dimension": 10,
  "fid": 23,
  "final_best_found": {
    "(1+10)": 0.1225882364,
    "(1,10)": 0.0869155885,
    "(3+30)": 1.1725520658,
    "(3,30)": 0.000633949,
    "(5+50)": 1.0057913825,
    "(5,50)": 0.0037427389
  },
  "final_mean": {
    "(1+10)": 0.28383674194499997,
    "(1,10)": 0.398248810105,
    "(3+30)": 1.7788896220150001,
    "(3,30)": 0.069722451265,
    "(5+50)": 1.697598675195,
    "(5,50)": 0.04103465998999999
  },
  "final_std": {
    "(1+10)": 0.10200563589150592,
    "(1,10)": 0.28972919141438397,
    "(3+30)": 0.35721400001281184,
    "(3,30)": 0.05677661795620831,
    "(5+50)": 0.36771686504483786,
    "(5,50)": 0.03678764575808383
  },
  "function": "Katsuura",
  "maximize": false,
  "n_runs": {
    "(1+10)": 20,
    "(1,10)": 20,
    "(3+30)": 20,
    "(3,30)": 20,
    "(5+50)": 20,
    "(5,50)": 20
  },
  "strategies": [
    "(1+10)",
    "(1,10)",
    "(3+30)",
    "(3,30)",
    "(5+50)",
    "(5,50)"
  ]
}