{
  "crossover_rate": 0.869411375646876,
  "elite_frac": 0.0,
  "mutation_rate": 0.05163021164395812,
  "pop_size": 300,
  "tournament_k": 4
}