{
  "fid": 18,
  "function": "LABS",
  "algorithm": "s4822285_GA",
  "maximize": true,
  "dims": [
    20,
    50,
    100,
    200
  ],
  "runs_per_dim": [
    20,
    20,
    20,
    20
  ],
  "final_best_mean": [
    4.126230746740001,
    4.03572106256,
    3.53505043062,
    2.4276556953
  ],
  "final_best_std": [
    0.627755596657967,
    0.3447047099791086,
    0.3349015358717959,
    0.15461955247270656
  ],
  "auc_mean": [
    3.9653504181270995,
    3.582145738237783,
    2.8805408869262514,
    2.10246216142488
  ],
  "auc_std": [
    0.5187286919643619,
    0.2817185747236243,
    0.167068013192792,
    0.07616252995726741
  ],
  "final_best_found": [
    5.8823529412,
    4.8638132296,
    4.3029259897,
    2.6954177898
  ],
  "auc_best_found": [
    5.54234326409934,
    4.338686717407152,
    3.147255070061683,
    2.2024934748797054
  ],
  "nqueens_target": [
    NaN,
    NaN,
    10.0,
    NaN
  ],
  "success_rate": [
    NaN,
    NaN,
    NaN,
    NaN
  ]
}