{
  "fid": 23,
  "function": "NQueens",
  "algorithm": "s4822285_GA",
  "maximize": true,
  "dims": [
    16,
    25,
    36,
    49,
    64,
    81,
    100,
    121,
    144
  ],
  "runs_per_dim": [
    20,
    20,
    20,
    20,
    20,
    20,
    20,
    20,
    20
  ],
  "final_best_mean": [
    4.0,
    5.0,
    5.7,
    7.0,
    7.6,
    7.65,
    5.5,
    6.6,
    5.4
  ],
  "final_best_std": [
    0.0,
    0.0,
    1.341640786499874,
    0.0,
    1.7888543819998317,
    3.297127936792709,
    5.104177855340405,
    5.528871589450381,
    6.125013426408485
  ],
  "auc_mean": [
    3.9788357671534307,
    4.964942988597719,
    5.3993398679735956,
    6.7379375875175045,
    6.39487897579516,
    6.761837367473495,
    4.348519703940788,
    4.56002700540108,
    3.2002600520104023
  ],
  "auc_std": [
    0.01112443595097475,
    0.029735384906920608,
    1.3754911893534298,
    0.18727157710515727,
    2.4339107835437086,
    3.133448604674894,
    4.5989659832418806,
    4.593898022831181,
    5.763620396471775
  ],
  "final_best_found": [
    4.0,
    5.0,
    6.0,
    7.0,
    8.0,
    9.0,
    10.0,
    11.0,
    12.0
  ],
  "auc_best_found": [
    3.9903980796159235,
    5.000000000000001,
    5.97119423884777,
    6.9663932786557305,
    7.903980796159232,
    8.799259851970394,
    9.582916583316663,
    10.21004200840168,
    11.260652130426084
  ],
  "nqueens_target": [
    4.0,
    5.0,
    6.0,
    7.0,
    8.0,
    9.0,
    10.0,
    11.0,
    12.0
  ],
  "success_rate": [
    1.0,
    1.0,
    0.95,
    1.0,
    0.95,
    0.85,
    0.55,
    0.6,
    0.45
  ]
}